symbol,tokens,yfinsymbol
RAIN,15337,RAIN.NS
AEROFLEX,18268,AEROFLEX.NS
DREDGECORP,11271,DREDGECORP.NS
BALUFORGE,23607,BALUFORGE.NS
TEJASNET,21131,TEJASNET.NS
PRECAM,12603,PRECAM.NS
MOSCHIP,29459,MOSCHIP.NS
SHADOWFAX,761469,SHADOWFAX.NS
MODEFENCE,24944,MODEFENCE.NS
POCL,14385,POCL.NS
STLTECH,9309,STLTECH.NS
BLISSGVS,19265,BLISSGVS.NS
RAMCOSYS,7851,RAMCOSYS.NS
INFOBEAN,11027,INFOBEAN.NS
RATNAVEER,18423,RATNAVEER.NS
TFCILTD,3466,TFCILTD.NS
MAHLOG,385,MAHLOG.NS
GROWWSLVR,756827,GROWWSLVR.NS
DBREALTY,18124,DBREALTY.NS
ANTELOPUS,13598,ANTELOPUS.NS
HERITGFOOD,4598,HERITGFOOD.NS
SJS,6643,SJS.NS
KITEX,28899,KITEX.NS
PARAS,5911,PARAS.NS
SKIPPER,9428,SKIPPER.NS
RMDRIP,757834,RMDRIP.NS
KMEW,27084,KMEW.NS
BAJAJCON,19531,BAJAJCON.NS
JARO,759951,JARO.NS
BALAMINES,14501,BALAMINES.NS
SUBROS,3324,SUBROS.NS
QUADFUTURE,29087,QUADFUTURE.NS
RNBDENIMS,758981,RNBDENIMS.NS
HCC,1375,HCC.NS
RALLIS,2816,RALLIS.NS
PTC,11355,PTC.NS
GOKEX,11778,GOKEX.NS
VINCOFE,25835,VINCOFE.NS
JINDRILL,13875,JINDRILL.NS
HDFCSML250,14233,HDFCSML250.NS
GRMOVER,10871,GRMOVER.NS
CRAMC,759311,CRAMC.NS
VIMTALABS,13101,VIMTALABS.NS
KIRIINDUS,16639,KIRIINDUS.NS
WEBELSOLAR,14602,WEBELSOLAR.NS
AVANTEL,24610,AVANTEL.NS
APEX,21623,APEX.NS
JTLIND,7287,JTLIND.NS
KAMDHENU,13457,KAMDHENU.NS
WHEELS,3766,WHEELS.NS
QPOWER,29711,QPOWER.NS
PRECWIRE,2717,PRECWIRE.NS
SWSOLAR,12489,SWSOLAR.NS
AGIIL,24445,AGIIL.NS
STALLION,29204,STALLION.NS
SMLMAH,3387,SMLMAH.NS
RBA,1494,RBA.NS
EPACKPEB,759251,EPACKPEB.NS
AVALON,15058,AVALON.NS
LIQUIDADD,23407,LIQUIDADD.NS
SIGACHI,6663,SIGACHI.NS
SEAMECLTD,2616,SEAMECLTD.NS
ARSSBL,759956,ARSSBL.NS
DYNAMATECH,4525,DYNAMATECH.NS
WANBURY,14063,WANBURY.NS
JSFB,22663,JSFB.NS
DATAMATICS,11423,DATAMATICS.NS
FIEMIND,13710,FIEMIND.NS
SAMHI,18614,SAMHI.NS
VAIBHAVGBL,11364,VAIBHAVGBL.NS
SINDHUTRAD,16859,SINDHUTRAD.NS
KRISHNADEF,761192,KRISHNADEF.NS
ADVENZYMES,18039,ADVENZYMES.NS
FEDFINA,20322,FEDFINA.NS
PATELENG,11699,PATELENG.NS
AWHCL,1797,AWHCL.NS
PROTEAN,29472,PROTEAN.NS
ASIANTILES,14889,ASIANTILES.NS
SENCO,17271,SENCO.NS
WALCHANNAG,3736,WALCHANNAG.NS
SAMBHV,757767,SAMBHV.NS
EPACK,22463,EPACK.NS
SHILCTECH,759847,SHILCTECH.NS
MEIL,758748,MEIL.NS
SBC,6792,SBC.NS
REFEX,17764,REFEX.NS
TEXRAIL,21828,TEXRAIL.NS
OSWALPUMPS,756802,OSWALPUMPS.NS
MAFANG,3507,MAFANG.NS
RICOAUTO,2909,RICOAUTO.NS
QUESS,17704,QUESS.NS
SOMANYCERA,3880,SOMANYCERA.NS
INTERARCH,24909,INTERARCH.NS
PARAGMILK,17130,PARAGMILK.NS
SHREEJISPG,759448,SHREEJISPG.NS
LIQUID1,13950,LIQUID1.NS
LIQUIDPLUS,27075,LIQUIDPLUS.NS
SMCGLOBAL,2320,SMCGLOBAL.NS
SFL,19184,SFL.NS
PRAJIND,2705,PRAJIND.NS
ZAGGLE,18608,ZAGGLE.NS
KERNEX,13121,KERNEX.NS
ORIENTTECH,24961,ORIENTTECH.NS
YATHARTH,17738,YATHARTH.NS
STEL,21484,STEL.NS
STYRENIX,19,STYRENIX.NS
ENTERO,22717,ENTERO.NS
GKSL,761197,GKSL.NS
CAPILLARY,759867,CAPILLARY.NS
VIKRAN,758973,VIKRAN.NS
AGI,1412,AGI.NS
RAYMOND,2859,RAYMOND.NS
KNRCON,15283,KNRCON.NS
AXISCADES,9436,AXISCADES.NS
PREMEXPLN,17397,PREMEXPLN.NS
LLOYDSENGG,17801,LLOYDSENGG.NS
INDOTHAI,25608,INDOTHAI.NS
EIEL,27213,EIEL.NS
PAISALO,25468,PAISALO.NS
CMSINFO,7603,CMSINFO.NS
MOBIKWIK,28046,MOBIKWIK.NS
EKC,13091,EKC.NS
HGINFRA,1672,HGINFRA.NS
PICCADIL,757754,PICCADIL.NS
GENESYS,10905,GENESYS.NS
CRIZAC,757850,CRIZAC.NS
INDIAGLYCO,1521,INDIAGLYCO.NS
MASFIN,199,MASFIN.NS
KRN,25643,KRN.NS
ORIENTCEM,30089,ORIENTCEM.NS
SUNTECK,17641,SUNTECK.NS
MATRIMONY,21726,MATRIMONY.NS
SENORES,28888,SENORES.NS
SKMEGGPROD,4732,SKMEGGPROD.NS
HINDOILEXP,1403,HINDOILEXP.NS
RTNPOWER,17520,RTNPOWER.NS
GARUDA,25800,GARUDA.NS
OPTIEMUS,21469,OPTIEMUS.NS
GREAVESCOT,1235,GREAVESCOT.NS
SATIN,10453,SATIN.NS
SUPRIYA,7390,SUPRIYA.NS
E2E,8937,E2E.NS
GHCL,1127,GHCL.NS
RAJRATAN,18962,RAJRATAN.NS
AURIONPRO,12022,AURIONPRO.NS
SIYSIL,14096,SIYSIL.NS
TATVA,5162,TATVA.NS
GMMPFAUDLR,1570,GMMPFAUDLR.NS
DCXINDIA,11895,DCXINDIA.NS
STYLEBAAZA,25114,STYLEBAAZA.NS
ELECTCAST,928,ELECTCAST.NS
BGRENERGY,15189,BGRENERGY.NS
PENIND,20621,PENIND.NS
ARKADE,25398,ARKADE.NS
MICEL,7169,MICEL.NS
ADVAIT,760657,ADVAIT.NS
MUFIN,19783,MUFIN.NS
VMART,29284,VMART.NS
JAMNAAUTO,20778,JAMNAAUTO.NS
BOMDYEING,513,BOMDYEING.NS
INFIBEAM,16249,INFIBEAM.NS
ARISINFRA,757614,ARISINFRA.NS
YATRA,18760,YATRA.NS
SULA,13218,SULA.NS
IDEAFORGE,17140,IDEAFORGE.NS
DYCL,10417,DYCL.NS
ARFIN,758700,ARFIN.NS
RPTECH,22670,RPTECH.NS
SOLARWORLD,759929,SOLARWORLD.NS
UTKARSHBNK,17358,UTKARSHBNK.NS
KALAMANDIR,18755,KALAMANDIR.NS
PITTIENG,14134,PITTIENG.NS
INDRAMEDCO,4751,INDRAMEDCO.NS
HUBTOWN,14203,HUBTOWN.NS
AWFIS,23864,AWFIS.NS
BRIGHOTEL,757794,BRIGHOTEL.NS
LIQUID,17572,LIQUID.NS
ICIL,11987,ICIL.NS
ORISSAMINE,19931,ORISSAMINE.NS
CARERATING,29113,CARERATING.NS
MIDWESTLTD,759517,MIDWESTLTD.NS
JYOTISTRUC,1802,JYOTISTRUC.NS
ALLCARGO,13501,ALLCARGO.NS
ASHOKA,20182,ASHOKA.NS
NAHARSPING,14440,NAHARSPING.NS
JUSTDIAL,29962,JUSTDIAL.NS
MANINFRA,18226,MANINFRA.NS
SMALLCAP,22832,SMALLCAP.NS
GMBREW,1168,GMBREW.NS
RPGLIFE,16725,RPGLIFE.NS
NORTHARC,25426,NORTHARC.NS
PRAKASH,2708,PRAKASH.NS
MALLCOM,7965,MALLCOM.NS
EMUDHRA,9756,EMUDHRA.NS
KROSS,25252,KROSS.NS
IFBIND,1485,IFBIND.NS
NETWORK18,14111,NETWORK18.NS
RAMASTEEL,10300,RAMASTEEL.NS
BCG,8833,BCG.NS
ZUARI,29050,ZUARI.NS
RTNINDIA,27297,RTNINDIA.NS
GKENERGY,759048,GKENERGY.NS
MSTCLTD,9356,MSTCLTD.NS
EXCELSOFT,760007,EXCELSOFT.NS
NELCO,2388,NELCO.NS
CIGNITITEC,5142,CIGNITITEC.NS
BHARATRAS,3834,BHARATRAS.NS
ARIHANTCAP,3813,ARIHANTCAP.NS
SAPPHIRE,6718,SAPPHIRE.NS
DPABHUSHAN,936,DPABHUSHAN.NS
SEPC,15308,SEPC.NS
AJMERA,17307,AJMERA.NS
VSTIND,3724,VSTIND.NS
IZMO,14174,IZMO.NS
NIFTY1,18102,NIFTY1.NS
TRUALT,759210,TRUALT.NS
CONTROLPR,17477,CONTROLPR.NS
GOCOLORS,6964,GOCOLORS.NS
MARINE,1328,MARINE.NS
FUSION,11932,FUSION.NS
VIPIND,3703,VIPIND.NS
RAYMONDLSL,25073,RAYMONDLSL.NS
PFS,22602,PFS.NS
VPRPL,18341,VPRPL.NS
INDOTECH,13275,INDOTECH.NS
KPEL,27079,KPEL.NS
TVSSCS,18151,TVSSCS.NS
NIITMTS,17747,NIITMTS.NS
INDOFARM,29025,INDOFARM.NS
SHRINGARMS,759093,SHRINGARMS.NS
EASEMYTRIP,2792,EASEMYTRIP.NS
JKPAPER,11860,JKPAPER.NS
DAMCAPITAL,28662,DAMCAPITAL.NS
HLEGLAS,2289,HLEGLAS.NS
LUMAXIND,2018,LUMAXIND.NS
WENDT,4235,WENDT.NS
TAJGVK,9354,TAJGVK.NS
RPEL,24735,RPEL.NS
DOLATALGO,12124,DOLATALGO.NS
ATLANTAELE,759007,ATLANTAELE.NS
TARC,1581,TARC.NS
NFL,13925,NFL.NS
ICRA,14523,ICRA.NS
DCW,817,DCW.NS
GANDHAR,20303,GANDHAR.NS
BAJAJHIND,308,BAJAJHIND.NS
BAJAJHCARE,6863,BAJAJHCARE.NS
SANGHVIMOV,14058,SANGHVIMOV.NS
SDBL,1338,SDBL.NS
MONTECARLO,5938,MONTECARLO.NS
SHAREINDIA,104,SHAREINDIA.NS
RENUKA,12026,RENUKA.NS
EXICOM,22947,EXICOM.NS
GOODLUCK,6125,GOODLUCK.NS
JISLJALEQS,10397,JISLJALEQS.NS
CYIENTDLM,17187,CYIENTDLM.NS
SANDHAR,2397,SANDHAR.NS
STCINDIA,10948,STCINDIA.NS
DELTACORP,15044,DELTACORP.NS
SERVOTECH,5507,SERVOTECH.NS
ALPHA,7412,ALPHA.NS
TEMBO,3275,TEMBO.NS
MHRIL,17333,MHRIL.NS
GTLINFRA,13745,GTLINFRA.NS
UNIVCABLES,3607,UNIVCABLES.NS
LANDMARK,13276,LANDMARK.NS
MOREPENLAB,2259,MOREPENLAB.NS
SALASAR,21362,SALASAR.NS
GREENPLY,3987,GREENPLY.NS
GOKULAGRO,14480,GOKULAGRO.NS
PSPPROJECT,20877,PSPPROJECT.NS
STERTOOLS,4299,STERTOOLS.NS
EIMCOELECO,4040,EIMCOELECO.NS
TBZ,27037,TBZ.NS
PNCINFRA,9385,PNCINFRA.NS
ROUTE,128,ROUTE.NS
RACLGEAR,27171,RACLGEAR.NS
EMSLIMITED,18593,EMSLIMITED.NS
VRLLOG,8696,VRLLOG.NS
DIGITIDE,757515,DIGITIDE.NS
EFCIL,758675,EFCIL.NS
UNITECH,3594,UNITECH.NS
PANACEABIO,4055,PANACEABIO.NS
HITECH,2868,HITECH.NS
RAYMONDREL,758551,RAYMONDREL.NS
JUNIPER,22824,JUNIPER.NS
LAXMIDENTL,29171,LAXMIDENTL.NS
MANINDS,11884,MANINDS.NS
NACLIND,20425,NACLIND.NS
FINOPB,6579,FINOPB.NS
MIRCELECTR,2202,MIRCELECTR.NS
ANUP,9014,ANUP.NS
SIRCA,11050,SIRCA.NS
FISCHER,757658,FISCHER.NS
IONEXCHANG,1630,IONEXCHANG.NS
DEEPINDS,3292,DEEPINDS.NS
SHILPAMED,17752,SHILPAMED.NS
SETL,29075,SETL.NS
JKIL,15266,JKIL.NS
RAMKY,20134,RAMKY.NS
EMIL,11530,EMIL.NS
GLOBUSSPR,17424,GLOBUSSPR.NS
SPARC,14788,SPARC.NS
UNIMECH,28960,UNIMECH.NS
63MOONS,11868,63MOONS.NS
CAMLINFINE,6216,CAMLINFINE.NS
EPIGRAL,5382,EPIGRAL.NS
RIIL,2912,RIIL.NS
BUILDPRO,760594,BUILDPRO.NS
GREENPOWER,20110,GREENPOWER.NS
PACEDIGITK,759342,PACEDIGITK.NS
RAJOOENG,757049,RAJOOENG.NS
KSL,18889,KSL.NS
LGBBROSLTD,18321,LGBBROSLTD.NS
VISHNU,6908,VISHNU.NS
GPTINFRA,17685,GPTINFRA.NS
INDIGOPNTS,2048,INDIGOPNTS.NS
GODAVARIB,25941,GODAVARIB.NS
VADILALIND,24196,VADILALIND.NS
NIITLTD,11522,NIITLTD.NS
VENUSPIPES,9592,VENUSPIPES.NS
BHARATWIRE,16123,BHARATWIRE.NS
SUNCLAY,20956,SUNCLAY.NS
SMSPHARMA,14329,SMSPHARMA.NS
ADVENTHTL,759769,ADVENTHTL.NS
SPMLINFRA,3321,SPMLINFRA.NS
SGMART,758889,SGMART.NS
SPANDANA,11435,SPANDANA.NS
NRBBEARING,7553,NRBBEARING.NS
ROSSTECH,27353,ROSSTECH.NS
NIBE,29487,NIBE.NS
CANTABIL,20160,CANTABIL.NS
KSCL,14972,KSCL.NS
JAICORPLTD,5143,JAICORPLTD.NS
MTNL,2294,MTNL.NS
SURYAROSNI,3375,SURYAROSNI.NS
CENTUM,14982,CENTUM.NS
AEROENTER,12015,AEROENTER.NS
BAJAJELEC,15034,BAJAJELEC.NS
GUJTHEM,29731,GUJTHEM.NS
MANALIPETC,13796,MANALIPETC.NS
NOCIL,2442,NOCIL.NS
ROLEXRINGS,5279,ROLEXRINGS.NS
IBULLSLTD,24999,IBULLSLTD.NS
KCP,1841,KCP.NS
NSIL,11239,NSIL.NS
MOM100,21423,MOM100.NS
XPROINDIA,11407,XPROINDIA.NS
WINDLAS,5366,WINDLAS.NS
DCAL,21704,DCAL.NS
IOLCP,20413,IOLCP.NS
ADVANCE,759402,ADVANCE.NS
KRYSTAL,23175,KRYSTAL.NS
ALLDIGI,11798,ALLDIGI.NS
LXCHEM,2841,LXCHEM.NS
SAATVIKGL,759057,SAATVIKGL.NS
SBCL,4656,SBCL.NS
MBAPL,12686,MBAPL.NS
HEMIPROP,701,HEMIPROP.NS
ZOTA,11394,ZOTA.NS
RHETAN,759062,RHETAN.NS
VIDYAWIRES,760224,VIDYAWIRES.NS
ONEPOINT,9939,ONEPOINT.NS
SPIC,3252,SPIC.NS
MINDTECK,18049,MINDTECK.NS
SHK,11212,SHK.NS
DBOL,10893,DBOL.NS
IVALUE,759041,IVALUE.NS
UGROCAP,5313,UGROCAP.NS
MAITHANALL,24538,MAITHANALL.NS
IFBAGRO,1482,IFBAGRO.NS
HARIOMPIPE,8968,HARIOMPIPE.NS
FILATEX,24532,FILATEX.NS
PATELRMART,759439,PATELRMART.NS
GIPCL,1145,GIPCL.NS
MASPTOP50,5782,MASPTOP50.NS
VSTTILLERS,24292,VSTTILLERS.NS
MEDIASSIST,21705,MEDIASSIST.NS
IPL,4934,IPL.NS
MMFL,13844,MMFL.NS
MAMATA,28687,MAMATA.NS
RISHABH,18417,RISHABH.NS
AHLUCONT,17833,AHLUCONT.NS
DAVANGERE,21794,DAVANGERE.NS
AJAXENGG,29624,AJAXENGG.NS
THOMASCOOK,3481,THOMASCOOK.NS
CHEMFAB,2799,CHEMFAB.NS
SUVEN,11233,SUVEN.NS
GEOJITFSL,11896,GEOJITFSL.NS
ROTO,9049,ROTO.NS
HPL,18679,HPL.NS
SWARAJENG,3384,SWARAJENG.NS
SURYODAY,2970,SURYODAY.NS
GANECOS,6944,GANECOS.NS
SOLARA,3672,SOLARA.NS
HDFCNIFTY,11591,HDFCNIFTY.NS
BBL,13761,BBL.NS
HNDFDS,12173,HNDFDS.NS
SGFIN,758853,SGFIN.NS
SHALBY,714,SHALBY.NS
DDEVPLSTIK,29098,DDEVPLSTIK.NS
GOPAL,23066,GOPAL.NS
SURAJEST,20822,SURAJEST.NS
LGHL,19876,LGHL.NS
DHANUKA,24409,DHANUKA.NS
DENTA,29256,DENTA.NS
NDTV,11427,NDTV.NS
DSSL,25690,DSSL.NS
ASAL,10634,ASAL.NS
RESPONIND,20323,RESPONIND.NS
MANBA,25597,MANBA.NS
SHOPERSTOP,11813,SHOPERSTOP.NS
OMAXE,14853,OMAXE.NS
CEIGALL,24742,CEIGALL.NS
KELLTONTEC,13430,KELLTONTEC.NS
ARMANFIN,17263,ARMANFIN.NS
HATHWAY,18154,HATHWAY.NS
NEPHROPLUS,760346,NEPHROPLUS.NS
HIRECT,13890,HIRECT.NS
ASIANENE,7030,ASIANENE.NS
SALZERELEC,11399,SALZERELEC.NS
TOP10ADD,25171,TOP10ADD.NS
CAPACITE,21749,CAPACITE.NS
FABTECH,760125,FABTECH.NS
SYSTMTXC,759355,SYSTMTXC.NS
REPCOHOME,29598,REPCOHOME.NS
RUSHIL,24595,RUSHIL.NS
POKARNA,17651,POKARNA.NS
NEOGEN,9917,NEOGEN.NS
INDOBORAX,8614,INDOBORAX.NS
SYNCOMF,11992,SYNCOMF.NS
UNIECOM,24809,UNIECOM.NS
GATEWAY,8510,GATEWAY.NS
ASTEC,17728,ASTEC.NS
JTEKTINDIA,3237,JTEKTINDIA.NS
FCL,6198,FCL.NS
MCLOUD,29482,MCLOUD.NS
DHAMPURSUG,857,DHAMPURSUG.NS
CARYSIL,1879,CARYSIL.NS
MAXESTATES,19646,MAXESTATES.NS
STLNETWORK,758958,STLNETWORK.NS
MAHKTECH,7074,MAHKTECH.NS
MOTISONS,20788,MOTISONS.NS
JUBLCPL,29590,JUBLCPL.NS
ALGOQUANT,761270,ALGOQUANT.NS
VAKRANGEE,13342,VAKRANGEE.NS
GEMAROMA,759461,GEMAROMA.NS
ECOSMOBLTY,25060,ECOSMOBLTY.NS
MAYURUNIQ,28906,MAYURUNIQ.NS
LUXIND,11301,LUXIND.NS
TIRUMALCHM,3496,TIRUMALCHM.NS
STOVEKRAFT,2107,STOVEKRAFT.NS
EBGNG,757862,EBGNG.NS
EVEREADY,11782,EVEREADY.NS
MANGLMCEM,2106,MANGLMCEM.NS
SUNFLAG,3348,SUNFLAG.NS
IMAGICAA,7672,IMAGICAA.NS
GVPIL,7862,GVPIL.NS
SCILAL,23127,SCILAL.NS
MIRZAINT,4394,MIRZAINT.NS
FDC,4898,FDC.NS
ELLEN,758563,ELLEN.NS
BOSCH-HCIL,4491,BOSCH-HCIL.NS
NPST,756324,NPST.NS
MBEL,758150,MBEL.NS
KSHINTL,760433,KSHINTL.NS
TARSONS,6943,TARSONS.NS
HIMATSEIDE,1360,HIMATSEIDE.NS
ROHLTD,13182,ROHLTD.NS
JASH,13982,JASH.NS
COSMOFIRST,742,COSMOFIRST.NS
AARTIDRUGS,4481,AARTIDRUGS.NS
QUICKHEAL,13116,QUICKHEAL.NS
STYLAMIND,5186,STYLAMIND.NS
STYL,759934,STYL.NS
JNKINDIA,23621,JNKINDIA.NS
PRINCEPIPE,16045,PRINCEPIPE.NS
PSUBANK,15061,PSUBANK.NS
KOPRAN,1919,KOPRAN.NS
HIKAL,9668,HIKAL.NS
PDSL,5264,PDSL.NS
DBCORP,17881,DBCORP.NS
PLATIND,22930,PLATIND.NS
JINDWORLD,20642,JINDWORLD.NS
KDDL,14908,KDDL.NS
DIFFNKG,25672,DIFFNKG.NS
BLUSPRING,757520,BLUSPRING.NS
SANSTAR,24582,SANSTAR.NS
BCLIND,2513,BCLIND.NS
INNOVACAP,21062,INNOVACAP.NS
PROSTARM,758173,PROSTARM.NS
PNBGILTS,8736,PNBGILTS.NS
INDSWFTLAB,4870,INDSWFTLAB.NS
CARRARO,28879,CARRARO.NS
SOLEX,759397,SOLEX.NS
PRIMESECU,11864,PRIMESECU.NS
MARATHON,18659,MARATHON.NS
MUTHOOTMF,20831,MUTHOOTMF.NS
RELTD,24596,RELTD.NS
ARTEMISMED,16913,ARTEMISMED.NS
URJA,20203,URJA.NS
GULFOILLUB,4391,GULFOILLUB.NS
ADSL,14813,ADSL.NS
VASCONEQ,18110,VASCONEQ.NS
YASHO,18131,YASHO.NS
NEXT50,17181,NEXT50.NS
SUMMITSEC,21275,SUMMITSEC.NS
BLKASHYAP,13290,BLKASHYAP.NS
BANSALWIRE,24386,BANSALWIRE.NS
MONARCH,7679,MONARCH.NS
UNIPARTS,13057,UNIPARTS.NS
ISGEC,3329,ISGEC.NS
ATULAUTO,30023,ATULAUTO.NS
ASALCBR,17598,ASALCBR.NS
DHANBANK,11359,DHANBANK.NS
CHEMPLASTS,5449,CHEMPLASTS.NS
ASHIANA,24403,ASHIANA.NS
GANESHHOU,14339,GANESHHOU.NS
AHCL,758968,AHCL.NS
SHRIRAMPPS,7200,SHRIRAMPPS.NS
POLYPLEX,2687,POLYPLEX.NS
NAVKARCORP,10557,NAVKARCORP.NS
VENKEYS,3757,VENKEYS.NS
CEWATER,28764,CEWATER.NS
MOL,5394,MOL.NS
RSYSTEMS,13414,RSYSTEMS.NS
EUROPRATIK,759797,EUROPRATIK.NS
SSWL,11829,SSWL.NS
SASKEN,11983,SASKEN.NS
GREENPANEL,13810,GREENPANEL.NS
VEEDOL,14019,VEEDOL.NS
DLINKINDIA,17851,DLINKINDIA.NS
SCODATUBES,757478,SCODATUBES.NS
SAKSOFT,11794,SAKSOFT.NS
EMKAY,13421,EMKAY.NS
ELECTHERM,4469,ELECTHERM.NS
VERANDA,8890,VERANDA.NS
TALBROAUTO,13648,TALBROAUTO.NS
SRM,23402,SRM.NS
BEPL,419,BEPL.NS
EIFFL,6040,EIFFL.NS
FMGOETZE,1190,FMGOETZE.NS
DOLPHIN,18139,DOLPHIN.NS
SUPRAJIT,11689,SUPRAJIT.NS
AUTOAXLES,278,AUTOAXLES.NS
ACCELYA,7053,ACCELYA.NS
SANGHIIND,2997,SANGHIIND.NS
NITCO,13300,NITCO.NS
ADFFOODS,19761,ADFFOODS.NS
INSECTICID,14657,INSECTICID.NS
KINGFA,18944,KINGFA.NS
RPSGVENT,8119,RPSGVENT.NS
PARACABLES,13951,PARACABLES.NS
DEEDEV,24154,DEEDEV.NS
TINNARUBR,756020,TINNARUBR.NS
WAKEFIT,760259,WAKEFIT.NS
SIMPLEXINF,3162,SIMPLEXINF.NS
MODIS,759752,MODIS.NS
SUBEXLTD,967,SUBEXLTD.NS
TCIEXP,19223,TCIEXP.NS
VINDHYATEL,3694,VINDHYATEL.NS
JITFINFRA,19691,JITFINFRA.NS
KRISHANA,12847,KRISHANA.NS
PUNJABCHEM,4344,PUNJABCHEM.NS
COFFEEDAY,11165,COFFEEDAY.NS
INDOSTAR,3088,INDOSTAR.NS
WCIL,25403,WCIL.NS
SIS,21501,SIS.NS
FLAIR,20372,FLAIR.NS
JAGRAN,13211,JAGRAN.NS
IRISDOREME,2275,IRISDOREME.NS
NCLIND,14490,NCLIND.NS
BALMLAWRIE,338,BALMLAWRIE.NS
BHAGCHEM,6164,BHAGCHEM.NS
GUFICBIO,11606,GUFICBIO.NS
BLSE,22566,BLSE.NS
IGARASHI,634,IGARASHI.NS
UDS,19113,UDS.NS
AURUM,10310,AURUM.NS
BAJEL,20531,BAJEL.NS
MPSLTD,10578,MPSLTD.NS
NGLFINE,10277,NGLFINE.NS
HINDWAREAP,15883,HINDWAREAP.NS
ARVSMART,10457,ARVSMART.NS
TNPETRO,3509,TNPETRO.NS
MVGJL,19015,MVGJL.NS
SUNDROP,1663,SUNDROP.NS
ORIENTELEC,2972,ORIENTELEC.NS
SAGCEM,14068,SAGCEM.NS
MODISONLTD,3316,MODISONLTD.NS
WONDERLA,3002,WONDERLA.NS
BSLNIFTY,24781,BSLNIFTY.NS
BOROLTD,19401,BOROLTD.NS
KRSNAA,5359,KRSNAA.NS
BIRLAMONEY,15239,BIRLAMONEY.NS
UTTAMSUGAR,13376,UTTAMSUGAR.NS
20MICRONS,16921,20MICRONS.NS
ZUARIIND,3827,ZUARIIND.NS
MOLDTKPAC,6713,MOLDTKPAC.NS
DWARKESH,11667,DWARKESH.NS
SPAL,18252,SPAL.NS
KSOLVES,11060,KSOLVES.NS
GANESHCP,759012,GANESHCP.NS
SHARDAMOTR,10530,SHARDAMOTR.NS
RADHIKAJWE,10343,RADHIKAJWE.NS
TEAMLEASE,12716,TEAMLEASE.NS
NEXT50BETA,21478,NEXT50BETA.NS
ALEMBICLTD,79,ALEMBICLTD.NS
JAGSNPHARM,4410,JAGSNPHARM.NS
TARACHAND,23512,TARACHAND.NS
FAZE3Q,12000,FAZE3Q.NS
GICHSGFIN,1139,GICHSGFIN.NS
ROSSARI,19410,ROSSARI.NS
IMPAL,12009,IMPAL.NS
SMARTWORKS,757965,SMARTWORKS.NS
PURVA,14922,PURVA.NS
KHAICHEM,896,KHAICHEM.NS
MANAKCOAT,7413,MANAKCOAT.NS
CONFIPET,10238,CONFIPET.NS
SNOWMAN,4843,SNOWMAN.NS
NITINSPIN,13175,NITINSPIN.NS
MWL,759169,MWL.NS
WSTCSTPAPR,3799,WSTCSTPAPR.NS
SPORTKING,10733,SPORTKING.NS
SATIA,11045,SATIA.NS
PVP,4010,PVP.NS
UFBL,3127,UFBL.NS
JINDALPOLY,1756,JINDALPOLY.NS
MSPL,11919,MSPL.NS
GULPOLY,6286,GULPOLY.NS
DALMIASUG,781,DALMIASUG.NS
REGAAL,758680,REGAAL.NS
LAOPALA,14423,LAOPALA.NS
ITDC,19299,ITDC.NS
DIAMONDYD,21840,DIAMONDYD.NS
JGCHEM,23056,JGCHEM.NS
STANLEY,24226,STANLEY.NS
PARKHOTELS,22649,PARKHOTELS.NS
KIRLOSIND,19025,KIRLOSIND.NS
ESAFSFB,19878,ESAFSFB.NS
RUSTOMJEE,12219,RUSTOMJEE.NS
ICEMAKE,489,ICEMAKE.NS
KOLTEPATIL,15124,KOLTEPATIL.NS
SBIBPB,30290,SBIBPB.NS
TASTYBITE,20092,TASTYBITE.NS
NAVNETEDUL,2385,NAVNETEDUL.NS
TIL,3484,TIL.NS
SARLAPOLY,14043,SARLAPOLY.NS
5PAISA,445,5PAISA.NS
HUHTAMAKI,2562,HUHTAMAKI.NS
JPOLYINVST,31507,JPOLYINVST.NS
BALAJITELE,9158,BALAJITELE.NS
RAMAPHO,10568,RAMAPHO.NS
NDRAUTO,22255,NDRAUTO.NS
ORIENTHOT,2493,ORIENTHOT.NS
GPTHEALTH,22846,GPTHEALTH.NS
WSI,14828,WSI.NS
RAMRAT,10485,RAMRAT.NS
GALAPREC,25134,GALAPREC.NS
NILASPACES,7411,NILASPACES.NS
BHAGERIA,13400,BHAGERIA.NS
KICL,21119,KICL.NS
JAYKAY,760073,JAYKAY.NS
KKCL,13381,KKCL.NS
IRMENERGY,19597,IRMENERGY.NS
ORCHPHARMA,926,ORCHPHARMA.NS
TEXINFRA,11549,TEXINFRA.NS
ONMOBILE,15278,ONMOBILE.NS
AVADHSUGAR,21406,AVADHSUGAR.NS
CAPITALSFB,22675,CAPITALSFB.NS
HONDAPOWER,3138,HONDAPOWER.NS
IKIO,16822,IKIO.NS
NUCLEUS,10791,NUCLEUS.NS
BIRLANU,1455,BIRLANU.NS
STUDDS,759587,STUDDS.NS
TNPL,3980,TNPL.NS
PANAMAPET,25392,PANAMAPET.NS
INDIQUBE,757845,INDIQUBE.NS
RAMCOIND,4587,RAMCOIND.NS
LIKHITHA,578,LIKHITHA.NS
HEIDELBERG,2316,HEIDELBERG.NS
AMRUTANJAN,17547,AMRUTANJAN.NS
BHARATSE,30244,BHARATSE.NS
VSSL,27067,VSSL.NS
GUJALKALI,1267,GUJALKALI.NS
INDNIPPON,4747,INDNIPPON.NS
TTKHLTCARE,11369,TTKHLTCARE.NS
JINDALPHOT,11743,JINDALPHOT.NS
RGL,15129,RGL.NS
PREMIERPOL,3908,PREMIERPOL.NS
TVSSRICHAK,14245,TVSSRICHAK.NS
MUKANDLTD,11325,MUKANDLTD.NS
PIXTRANS,9087,PIXTRANS.NS
MENONBE,6961,MENONBE.NS
BIGBLOC,18431,BIGBLOC.NS
EXPLEOSOL,17486,EXPLEOSOL.NS
CSLFINANCE,10350,CSLFINANCE.NS
APOLLOPIPE,14361,APOLLOPIPE.NS
MADRASFERT,4911,MADRASFERT.NS
KECL,18220,KECL.NS
UNICHEMLAB,3579,UNICHEMLAB.NS
CLSEL,3482,CLSEL.NS
ADOR,34,ADOR.NS
SWELECTES,11909,SWELECTES.NS
RANEHOLDIN,2844,RANEHOLDIN.NS
PILANIINVS,11445,PILANIINVS.NS
DISHTV,14537,DISHTV.NS
ESTER,24265,ESTER.NS
STEELXIND,21339,STEELXIND.NS
NELCAST,14761,NELCAST.NS
ARROWGREEN,9260,ARROWGREEN.NS
DEN,17722,DEN.NS
OSWALGREEN,471,OSWALGREEN.NS
ASIANHOTNR,18422,ASIANHOTNR.NS
MACPOWER,22347,MACPOWER.NS
TIIL,14223,TIIL.NS
INDIANHUME,1530,INDIANHUME.NS
DECCANCE,14838,DECCANCE.NS
SHREERAMA,7627,SHREERAMA.NS
AGARIND,3389,AGARIND.NS
EXCELINDUS,11471,EXCELINDUS.NS
SHREDIGCEM,3099,SHREDIGCEM.NS
INTLCONV,5606,INTLCONV.NS
JAYBARMARU,1708,JAYBARMARU.NS
RBZJEWEL,20874,RBZJEWEL.NS
UFLEX,1053,UFLEX.NS
AYMSYNTEX,10285,AYMSYNTEX.NS
RKSWAMY,23043,RKSWAMY.NS
LINCOLN,11596,LINCOLN.NS
INDOAMIN,9116,INDOAMIN.NS
CIFL,756015,CIFL.NS
CENTRUM,2454,CENTRUM.NS
PDMJEPAPER,15377,PDMJEPAPER.NS
ABINFRA,27020,ABINFRA.NS
KAMATHOTEL,1826,KAMATHOTEL.NS
HDFCSENSEX,11593,HDFCSENSEX.NS
SRHHYPOLTD,14582,SRHHYPOLTD.NS
RUPA,25724,RUPA.NS
HERANBA,2614,HERANBA.NS
SHANTIGEAR,3078,SHANTIGEAR.NS
PAUSHAKLTD,759969,PAUSHAKLTD.NS
TCPLPACK,184,TCPLPACK.NS
SEJALLTD,7091,SEJALLTD.NS
ONWARDTEC,2481,ONWARDTEC.NS
BFINVEST,21113,BFINVEST.NS
KOKUYOCMLN,16827,KOKUYOCMLN.NS
HARSHA,11162,HARSHA.NS
SOTL,3021,SOTL.NS
SUYOG,24851,SUYOG.NS
MUFTI,20878,MUFTI.NS
LEMERITE,760300,LEMERITE.NS
MUKKA,22980,MUKKA.NS
SCHAND,20698,SCHAND.NS
DOLLAR,20560,DOLLAR.NS
GANESHBE,5614,GANESHBE.NS
RML,11975,RML.NS
OMINFRAL,24231,OMINFRAL.NS
ELIN,13423,ELIN.NS
CHEMCON,270,CHEMCON.NS
SGIL,5114,SGIL.NS
BAJAJINDEF,29678,BAJAJINDEF.NS
WINDMACHIN,24969,WINDMACHIN.NS
DHARMAJ,13001,DHARMAJ.NS
XCHANGING,11705,XCHANGING.NS
GHCLTEXTIL,16696,GHCLTEXTIL.NS
TVTODAY,11275,TVTODAY.NS
HDFCNIFBAN,22433,HDFCNIFBAN.NS
VISAKAIND,4221,VISAKAIND.NS
BODALCHEM,25017,BODALCHEM.NS
SASTASUNDR,20063,SASTASUNDR.NS
CREST,13900,CREST.NS
FINKURVE,759239,FINKURVE.NS
PENINLAND,2256,PENINLAND.NS
ANDHRSUGAR,136,ANDHRSUGAR.NS
HGS,14712,HGS.NS
SANGAMIND,4184,SANGAMIND.NS
ATL,17778,ATL.NS
ANDHRAPAP,166,ANDHRAPAP.NS
LINC,6951,LINC.NS
MASTERTR,27047,MASTERTR.NS
VALIANTORG,330,VALIANTORG.NS
SANATHAN,28805,SANATHAN.NS
GNA,18571,GNA.NS
WEL,7835,WEL.NS
AMBIKCO,15234,AMBIKCO.NS
PTL,14101,PTL.NS
BIL,7848,BIL.NS
ALLTIME,758448,ALLTIME.NS
MMP,16395,MMP.NS
THEJO,19279,THEJO.NS
EQUAL50ADD,6606,EQUAL50ADD.NS
RSWM,2794,RSWM.NS
THEMISMED,14485,THEMISMED.NS
NAHARPOLY,14445,NAHARPOLY.NS
NRAIL,20314,NRAIL.NS
GRPLTD,6543,GRPLTD.NS
HDFCPVTBAN,12108,HDFCPVTBAN.NS
EIHAHOTELS,15399,EIHAHOTELS.NS
STEELCAS,6803,STEELCAS.NS
GOCLCORP,3963,GOCLCORP.NS
GFLLIMITED,1289,GFLLIMITED.NS
TREL,17795,TREL.NS
DVL,15214,DVL.NS
INDOCO,11677,INDOCO.NS
SAURASHCEM,3018,SAURASHCEM.NS
INDORAMA,10993,INDORAMA.NS
KOTHARIPET,4594,KOTHARIPET.NS
PVSL,23142,PVSL.NS
CENTENKA,619,CENTENKA.NS
KABRAEXTRU,1805,KABRAEXTRU.NS
VLSFINANCE,3715,VLSFINANCE.NS
ARIHANTSUP,20159,ARIHANTSUP.NS
SIGMA,16658,SIGMA.NS
BSHSL,809,BSHSL.NS
FOSECOIND,1073,FOSECOIND.NS
SUMEETINDS,20790,SUMEETINDS.NS
BUTTERFLY,2716,BUTTERFLY.NS
ADVANIHOTR,14745,ADVANIHOTR.NS
IGPL,14086,IGPL.NS
SHREEPUSHK,10588,SHREEPUSHK.NS
MUNJALAU,13511,MUNJALAU.NS
MAXIND,22428,MAXIND.NS
FAIRCHEMOR,1614,FAIRCHEMOR.NS
OAL,10768,OAL.NS
APCOTEXIND,154,APCOTEXIND.NS
BETA,759842,BETA.NS
AXISNIFTY,21252,AXISNIFTY.NS
IRIS,6489,IRIS.NS
PRABHA,30134,PRABHA.NS
SBGLP,14139,SBGLP.NS
HESTERBIO,7048,HESTERBIO.NS
BLAL,15067,BLAL.NS
OSWALAGRO,2514,OSWALAGRO.NS
KRISHIVAL,756782,KRISHIVAL.NS
KUANTUM,13870,KUANTUM.NS
SURAKSHA,27334,SURAKSHA.NS
SPECTRUM,30455,SPECTRUM.NS
GANDHITUBE,14116,GANDHITUBE.NS
SIGNPOST,22656,SIGNPOST.NS
IFGLEXPOR,436,IFGLEXPOR.NS
AVTNPL,14008,AVTNPL.NS
SUKHJITS,11804,SUKHJITS.NS
HLVLTD,1448,HLVLTD.NS
ACL,15420,ACL.NS
CNL,11155,CNL.NS
SHALPAINTS,15342,SHALPAINTS.NS
ALICON,13656,ALICON.NS
AFSL,13288,AFSL.NS
HMVL,19211,HMVL.NS
PYRAMID,18250,PYRAMID.NS
SUDARCOLOR,715,SUDARCOLOR.NS
YUKEN,5501,YUKEN.NS
BANKBETA,22440,BANKBETA.NS
UNIENTER,11293,UNIENTER.NS
HMAAGRO,17053,HMAAGRO.NS
CONSOFINVT,11731,CONSOFINVT.NS
ANUHPHR,28314,ANUHPHR.NS
RITCO,8944,RITCO.NS
BANARISUG,350,BANARISUG.NS
ABCOTS,759130,ABCOTS.NS
KILITCH,19937,KILITCH.NS
VIDHIING,13536,VIDHIING.NS
INNOVANA,27754,INNOVANA.NS
DHUNINV,22233,DHUNINV.NS
SAKAR,9539,SAKAR.NS
REPRO,13126,REPRO.NS
VHL,11892,VHL.NS
WEALTH,1923,WEALTH.NS
PASHUPATI,757955,PASHUPATI.NS
DPSCLTD,15419,DPSCLTD.NS
EVERESTIND,993,EVERESTIND.NS
KAYA,10276,KAYA.NS
DIVGIITTS,14479,DIVGIITTS.NS
THEINVEST,21427,THEINVEST.NS
BOROSCI,24014,BOROSCI.NS
RUBYMILLS,2939,RUBYMILLS.NS
NILKAMAL,2421,NILKAMAL.NS
AMNPLST,19867,AMNPLST.NS
GTPL,21195,GTPL.NS
NINSYS,14194,NINSYS.NS
SESHAPAPER,3066,SESHAPAPER.NS
MAGADSUGAR,21392,MAGADSUGAR.NS
HINDCOMPOS,1372,HINDCOMPOS.NS
JAYAGROGN,4041,JAYAGROGN.NS
LICNMID100,22722,LICNMID100.NS
EMAMIPAP,10074,EMAMIPAP.NS
GLOSTERLTD,23590,GLOSTERLTD.NS
SANDESH,2988,SANDESH.NS
ENIL,13192,ENIL.NS
GEECEE,13658,GEECEE.NS
HEXATRADEX,27008,HEXATRADEX.NS
DMCC,6973,DMCC.NS
ELDEHSG,8953,ELDEHSG.NS
NBIFIN,19111,NBIFIN.NS
MSCIINDIA,29758,MSCIINDIA.NS
CHEVIOT,9879,CHEVIOT.NS
BANKADD,13644,BANKADD.NS
SVLL,15121,SVLL.NS
LICNFNHGP,15229,LICNFNHGP.NS
GKWLIMITED,17357,GKWLIMITED.NS
